Tokens,Words
1,verify
2,tap
3,money
4,free
5,cash
6,invoice
7,credit
8,bitcoin
9,crypto
10,refund
11,earn
12,inherited
13,bonus
14,debt
15,income
16,profit
17,investment
18,wire
19,transfer
20,beneficiary
21,dollars
22,usd
23,payment
24,check
25,bankrupt
26,wealth
27,wallet
28,fees
29,millions
30,funds
31,revenue
32,urgent
33,immediate
34,expire
35,hurry
36,limited
37,instantly
38,now
39,action
40,important
41,required
42,warning
43,notice
44,deadline
45,critical
46,final
47,overdue
48,terminate
49,lastchance
50,asap
51,freeze
52,blocked
53,closely
54,resolving
55,enforce
56,immediately
57,runningout
58,expires
59,today
60,seconds
61,login
63,suspended
64,secure
65,update
66,security
67,alert
68,password
69,bank
70,confirm
71,identity
72,account
73,unauthorized
74,breach
75,activity
76,profile
77,credentials
78,pin
79,tax
80,irs
81,paypal
82,amazon
83,microsoft
84,support
85,admin
86,billing
87,statement
88,compromised
89,cardholder
90,governmental
91,winner
92,lottery
93,selected
94,congratulations
95,prize
96,guaranteed
97,giftcard
98,deal
99,discount
100,miracle
101,secret
102,awarded
103,claims
104,lucky
105,jackpot
106,draw
107,voucher
108,reward
109,chosen
110,giveaway
111,freebie
112,vacation
113,cruise
114,unlocked
115,riskfree
116,lifetime
117,exclusive
118,win
119,congrats
120,shopper
121,click
122,link
123,here
124,below
125,download
126,access
127,visit
128,attachment
129,open
130,view
131,go
132,url
133,redirect
134,portal
135,signup
136,subscribe
137,reply
138,respond
139,fill
140,form
141,survey
142,collect
143,receive
144,get
145,claimhere
146,press
147,enter
148,checkout
149,more
150,satisfied
151,additional
152,be
153,your
154,own
155,boss
156,best
157,price
158,big
159,bucks
160,billion
161,cents
162,on
163,the
164,dollar
165,consolidate
166,double
170,extra
171,eliminate
172,bad
175,expect
176,to
177,fast
178,financial
179,freedom
180,consultation
181,gift
182,hosting
183,info
184,membership
185,preview
186,quote
187,trial
188,full
189,out
190,of
191,paid
192,increase
193,sales
195,traffic
196,incredible
197,lower
198,rates
199,lowest
201,make
202,million
203,back
204,once
205,in
206,a
207,one
208,time
209,pennies
211,day
212,potential
213,earnings
214,promise
215,pure
216,risk
217,satisfaction
218,save
223,special
224,promotion
225,act
226,apply
227,become
229,member
230,call
231,it
232,do
234,don
235,t
236,delete
237,started
238,information
239,regarding
242,requested
243,instant
245,new
246,customers
247,only
248,order
249,please
250,read
251,see
252,for
253,yourself
254,sign
256,take
257,this
258,won
260,last
261,what
262,are
264,waiting
266,while
267,supplies
269,will
270,not
271,believe
273,eyes
274,winning
279,have
280,been
281,bulk
282,email
283,buy
284,direct
285,cancel
286,at
287,any
289,or
291,confidentiality
292,cures
293,dear
294,friend
298,marketing
299,hidden
300,charges
301,human
302,growth
303,hormone
304,internet
306,lose
307,weight
308,mass
310,meet
311,singles
312,multi
313,level
315,no
316,catch
318,cost
322,gimmick
325,costs
329,interest
332,obligation
334,purchase
335,necessary
337,questions
338,asked
340,strings
341,attached
343,junk
344,notspam
346,passwords
347,requires
348,initial
349,social
350,number
352,isn
355,scam
363,spam
364,undisclosed
365,unsecured
367,unsolicited
368,valium
369,viagra
370,vicodin
371,we
372,hate
375,loss
376,xanax
377,accept
378,cards
379,ad
380,all
382,as
383,seen
385,bargain
387,accepted
388,certified
389,cheap
390,clearance
391,compare
393,card
394,offers
395,fantastic
397,accordance
398,with
399,laws
400,join
401,loans
402,luxury
404,solution
405,message
406,contains
407,mortgage
409,name
410,brand
411,offer
412,online
414,opt
416,pre
417,approved
420,refinance
421,removal
422,reserves
423,the
424,right
425,score
426,search
427,engine
428,sent
430,compliance
431,subject
433,terms
434,and
435,conditions
437,unlimited
438,warranty
439,web
441,work
442,from
443,home
444,abundant
445,academic
446,acceptance
447,accesscode
448,accessible
449,accommodate
450,accountstatus
451,accurate
452,achieve
453,activated
454,activation
455,actsnow
456,acupuncture
457,acute
458,addictive
459,addressed
460,addresses
461,adjustable
462,adjustment
463,administrative
464,advanced
465,advantage
466,advertiser
467,advertisement
468,advising
469,advisor
470,advisory
471,advocacy
472,affiliate
473,affiliated
474,affordable
475,agents
476,aggregate
477,aggressive
478,agrees
479,ahead
480,aid
481,alertstatus
482,algorithm
483,allocations
484,allowance
485,alternative
486,alumni
487,amazing
488,ambition
489,amortization
490,amount
491,analysis
492,analyst
493,anniversary
494,announcement
495,anonymous
496,anti
497,antibiotic
498,anticipation
499,anxiety
500,anybody
501,anymore
502,anytime
503,anywhere
504,apparel
505,appeal
506,appearance
507,appliances
508,applicant
509,application
510,applied
511,appointment
512,appraisal
513,appraise
514,appreciate
515,approach
516,appropriately
517,approvals
518,apps
519,architecture
520,archives
521,arise
522,array
523,arrival
524,arrive
525,arrows
526,articles
527,artificial
528,artwork
529,aspirations
530,assault
531,assembly
532,assets
533,assignment
534,assistance
535,assistant
536,associate
537,associated
538,association
539,assurance
540,assure
541,assuredly
542,asterisks
543,astonished
544,outstanding
545,attachedfile
546,attention
547,attractive
548,attribute
549,auction
550,audience
551,audio
552,audit
553,authentic
554,authorization
555,authorize
556,auto
557,automated
558,automatic
559,automobile
560,automotive
561,auxiliary
562,availability
563,available
564,avenue
565,average
566,aviation
567,avoid
568,awake
569,award
570,awareness
571,backup
572,balance
573,balances
574,bankruptcy
575,bandwidth
576,baseline
577,basic
578,basics
579,basis
580,batch
581,battery
582,beach
583,bearing
584,beautiful
585,beauty
586,bed
587,behind
588,believeme
589,beliefs
590,benchmarks
591,beneficiaries
592,benefits
593,better
594,beverage
595,bid
596,bidding
597,bigbucks
598,bigger
599,bill
600,bio
601,biological
602,biotechnology
603,bit
604,blacklisted
605,blends
606,bless
607,blessed
608,blocking
609,blog
610,blood
611,blueprints
612,bodybuilder
613,bodybuilding
614,boldness
615,bonuscash
616,bonuses
617,book
618,booking
619,boost
620,booster
621,bootleg
622,bottom
623,bottomline
624,boutique
625,brain
626,brandnew
627,breakout
628,breakthroughs
629,brick
630,bright
631,brightness
632,brilliant
633,broad
634,broadband
635,broadcast
636,brochure
637,broken
638,broker
639,brokerage
640,browse
641,browser
642,buddy
643,budget
644,builder
645,bulkmail
646,bulletin
647,bundle
648,business
649,businesses
650,buyer
651,bypass
652,byte
653,cabinet
654,cables
655,calculation
656,calculations
657,calendar
658,candidate
659,capabilities
660,capability
661,capital
662,capitalism
663,capitalone
664,caption
665,capture
666,career
667,careers
668,careful
669,carefully
670,care
671,cargo
672,cashadvance
673,cashbonus
674,cashier
675,casino
676,casual
677,catalog
678,category
679,catering
680,cause
681,caution
682,cautiously
683,celebrity
684,cell
685,cellular
686,center
687,central
688,century
689,certificates
690,certification
691,certifiedmail
692,chains
693,challenge
694,chamber
695,chance
696,chancellor
697,change
698,channels
699,character
700,charge
701,charity
702,charm
703,charting
704,charts
705,chase
706,chaser
707,chat
708,checkbook
709,chemical
710,chemicals
711,chemistry
712,chief
713,choice
714,choices
715,choose
716,cigarette
717,circuit
718,circular
719,claimnow
720,clarity
721,classic
722,classification
723,classified
724,clean
725,cleaner
726,cleaning
727,clearanceout
728,clickhere
729,clicking
730,client
731,clients
732,clinic
733,clinical
734,clinics
735,clip
736,clock
737,closeout
738,closer
739,clothing
740,cloud
741,club
742,cluster
743,coach
744,coaching
745,code
746,codes
747,coffee
748,collapse
749,collateral
750,colleague
751,center
752,collection
753,collections
754,collective
755,college
756,collision
757,column
758,combination
759,combined
760,com
761,command
762,comments
763,commerce
764,commercial
765,commission
766,commissions
767,commitment
768,commodity
769,common
770,communication
771,communications
772,community
773,compact
774,companies
775,companion
776,company
777,comparative
778,comparison
779,compensation
780,compensatory
781,compete
782,competitive
783,compilation
784,compile
785,complimentary
786,completed
787,completion
788,complianceofficer
789,component
790,components
791,composite
792,compound
793,compounds
794,compression
795,compromise
796,computation
797,computer
798,computing
799,conceal
800,concept
801,concepts
802,concern
803,concerning
804,concerns
805,concession
806,condition
807,conditional
808,conditionsapply
809,condo
810,conduct
811,conductor
812,conference
813,confidentialitynotice
814,configuration
815,configure
816,confirmationcode
817,confirmed
818,conflict
819,confusing
820,congestion
821,congratulation
822,connection
823,connections
824,connectivity
825,consecutive
826,consent
827,consequence
828,conservation
829,conservative
830,consideration
831,consignee
832,consignment
833,consistency
834,consistent
835,console
836,consolidatedebt
837,consolidated
838,consolidation
839,consortium
840,conspiracy
841,constant
842,constitution
843,constitutional
844,construction
845,consultant
846,consultants
847,consultationfree
848,consulting
849,consumer
850,consumers
851,consumption
852,contact
853,contacts
854,container
855,containers
856,contemporary
857,content
858,contents
859,contest
860,context
861,continent
862,continental
863,continuation
864,continue
865,continuing
866,continuous
867,contract
868,contractor
869,contractors
870,contracts
871,contribution
872,contributions
873,contributor
874,control
875,controller
876,controls
877,controversy
878,convenient
879,conventional
880,convergence
881,conversation
882,conversion
883,convert
884,converter
885,convertible
886,cooperation
887,cooperative
888,coordinate
889,coordination
890,copy
891,copyright
892,copyrighted
893,core
894,corporate
895,corporation
896,corporations
897,correct
898,correction
899,corrective
900,correspondence
901,correspondent
902,cosmic
903,costeffective
904,costreduction
905,councils
906,counseling
907,counselor
908,count
909,counter
910,counterfeit
911,countless
912,country
913,countryside
914,county
915,coupon
916,coupons
917,courier
918,course
919,courses
920,court
921,courtesy
922,cover
923,coverage
924,covered
925,covering
926,craft
927,craigslist
928,crashes
929,cream
930,create
931,creation
932,creative
933,creativity
934,creator
935,credibility
936,credible
937,creditcard
938,creditscore
939,creditworthiness
940,crisis
941,criteria
942,criticalupdate
943,critique
944,crown
945,crucial
946,crude
947,cruiselines
948,crystalline
949,culture
950,cumulative
951,currency
952,current
953,currentstatus
954,custom
955,customer
956,customized
957,customizer
958,cybersecurity
959,daily
960,damage
961,database
962,databases
963,date
964,daytrader
965,deadlineurgent
966,dealclosed
967,dealing
968,deals
969,dearcustomer
970,debits
971,decoders
972,dedicated
973,deductible
974,deduction
975,defense
976,defensive
977,deferred
978,deficit
979,definition
980,definitive
981,degree
982,delay
983,delegation
984,deleteimmediately
985,deliberate
986,delicacy
987,delicious
988,delight
989,delivery
990,demand
991,demands
992,dental
993,dentistry
994,department
995,departure
996,dependencies
997,dependency
998,dependent
999,deposit
1000,deposits
1001,depth
1002,deputy
1003,derivative
1004,description
1005,desert
1006,deserve
1007,designated
1008,designer
1009,desirable
1010,desire
1011,desk
1012,desktop
1013,destination
1014,details
1015,detect
1016,detection
1017,dailydeals
1018,diagnostics
1019,diagram
1020,dial
1021,digital
1022,dignity
1023,dilemma
1024,dimensions
1025,diploma
1026,diplomas
1027,directdeposit
1028,direction
1029,directmarketing
1030,directories
1031,directory
1032,disabled
1033,disadvantage
1034,disappear
1035,disaster
1036,disbursed
1037,disbursement
1038,discard
1039,discipline
1040,disclosure
1041,disconnect
1042,discountprice
1043,discountrate
1044,discoveries
1045,discovery
1046,discrete
1047,discretely
1048,discretion
1049,discussion
1050,disease
1051,disk
1052,display
1053,disposable
1054,disposal
1055,disputing
1056,disputes
1057,distributed
1058,distribution
1059,distributor
1060,distributors
1061,district
1062,dive
1063,diverse
1064,diversified
1065,diversification
1066,dividend
1067,dividends
1068,division
1069,doctor
1070,doctors
1071,document
1072,documentation
1073,documents
1074,domestic
1075,dominant
1076,dominate
1077,donation
1078,donations
1079,donor
1080,donors
1081,dosage
1082,doses
1083,doubleyour
1084,downloadnow
1085,downloadlink
1086,downpayment
1087,downtown
1088,dozens
1089,draft
1090,drama
1091,dramatic
1092,drawlimit
1093,dream
1094,dress
1095,drive
1096,driven
1097,driver
1098,drop
1099,drug
1100,drugless
1101,dry
1102,dual
1103,due
1104,duplicated
1105,durability
1106,durable
1107,duration
1108,dynamic
1109,earningspotential
1110,easy
1111,easymoney
1112,easypayment
1113,economic
1114,economics
1115,economy
1116,ecosystem
1117,edge
1118,edits
1119,education
1120,educational
1121,effective
1122,effectiveness
1123,efficiency
1124,efficient
1125,effort
1126,effortless
1127,efforts
1128,electric
1129,electrical
1130,electricity
1131,electronic
1132,electronics
1133,elegant
1134,element
1135,elementary
1136,elements
1137,elevate
1138,elevated
1139,eligible
1140,eligibility
1141,elite
1142,emailmarketing
1143,embargo
1144,emergency
1145,emit
1146,emotion
1147,emotional
1148,emphasis
1149,empire
1150,employ
1151,employee
1152,employees
1153,employer
1154,employment
1155,empower
1156,customercare
1157,enclosure
1158,encode
1159,encryption
1160,end
1161,endless
1162,endocrine
1163,endorsed
1164,endorsement
1165,energy
1166,enforcement
1167,engineoptimization
1168,enhanced
1169,enhancement
1170,enjoy
1171,enormous
1172,enrollment
1173,ensemble
1174,enterprise
1175,entertainment
1176,entities
1177,entitlement
1178,entrepreneurial
1179,entry
1180,envelope
1181,environment
1182,environmental
1183,enzyme
1184,enzymes
1185,equation
1186,equilibrium
1187,equipment
1188,equities
1189,equity
1190,equivalent
1191,era
1192,errors
1193,escape
1194,escrows
1195,essay
1196,essays
1197,essence
1198,essential
1199,essentials
1200,establish
1201,established
1202,estate
1203,estimate
1204,estimated
1205,estimates
1206,eternal
1207,ethanol
1208,ethics
1209,ethnic
1210,euro
1211,evaluate
1212,evaluation
1213,evaporated
1214,evasion
1215,event
1216,events
1217,everyday
1218,evidence
1219,evident
1220,evolution
1221,evolutionary
1222,ex
1223,exact
1224,examination
1225,examine
1226,exam
1227,excel
1228,excellence
1229,excellent
1230,exceptional
1231,exceptions
1232,excess
1233,exchange
1234,exchangerate
1235,excitement
1236,exciting
1237,exclusion
1238,exclusiveoffer
1239,executed
1240,execution
1241,executive
1242,exemptions
1243,exercise
1244,exhaust
1245,exhibition
1246,exile
1247,existence
1248,exit
1249,exotic
1250,expand
1251,expansion
1252,expansive
1253,expectation
1254,expedition
1255,expenditure
1256,expense
1257,expenses
1258,expensive
1259,experience
1260,experienced
1261,experimental
1262,expert
1263,expertise
1264,experts
1265,expired
1266,explanation
1267,explicit
1268,exploit
1269,exploration
1270,explorer
1271,explosion
1272,export
1273,expose
1274,exposition
1275,exposure
1276,express
1277,expression
1278,exquisite
1279,extend
1280,extended
1281,extension
1282,extensive
1283,external
1284,extraincome
1285,extraordinary
1286,extreme
1287,fabric
1288,fabricated
1289,fabulous
1290,face
1291,facilitate
1292,facility
1293,factor
1294,factory
1295,facts
1296,faculty
1297,fail
1298,failure
1299,fair
1300,fairness
1301,faith
1302,fake
1303,fallen
1304,familiar
1305,families
1306,family
1307,famous
1308,fan
1309,fancy
1310,fantasticdeals
1311,fantasy
1312,fashion
1313,fastcash
1314,fatal
1315,fate
1316,father
1317,favor
1318,favorite
1319,fax
1320,fear
1321,feasible
1322,feast
1323,feather
1324,feature
1325,fedex
1326,feedback
1327,felony
1328,female
1329,fertility
1330,festival
1331,fiber
1332,fiction
1333,field
1334,fierce
1335,file
1336,filenames
1337,files
1338,fillout
1339,filtered
1340,finalnotice
1341,finalreminder
1342,finance
1343,financialfreedom
1344,finding
1345,fine
1346,finished
1347,finite
1348,fireworks
1349,firm
1350,firmware
1351,firsthand
1352,fiscal
1353,fitness
1354,fixed
1355,fixedrate
1356,fixtures
1357,flag
1358,flashback
1359,flat
1360,flatrate
1361,flavor
1362,flawless
1363,fleet
1364,flexibility
1365,flexible
1366,flight
1367,flights
1368,flow
1369,fluid
1370,flying
1371,focus
1372,focused
1373,folder
1374,folders
1375,folklore
1376,follow
1377,followup
1378,fonts
1379,food
1380,foolish
1381,footage
1382,forced
1383,forecast
1384,foreign
1385,forever
1386,forex
1387,format
1388,formation
1389,forms
1390,formula
1391,formulas
1392,fortified
1393,fortune
1394,forum
1395,forums
1396,forward
1397,forwarder
1398,foundation
1399,foundations
1400,fourth
1401,fraction
1402,fracture
1403,fragrance
1404,fragile
1405,frame
1406,framework
1407,franchising
1408,frank
1409,frantic
1410,fraud
1411,fraudulent
1412,freeaccess
1413,freebonus
1414,freegift
1415,freeinfo
1416,freetrial
1417,freezeaccount
1418,freight
1419,frequent
1420,freshly
1421,friendrequest
1422,friendship
1423,fuel
1424,fulfillment
1425,fullrefund
1426,fulltime
1427,fully
1428,function
1429,functional
1430,functionality
1431,funded
1432,funding
1433,fundraising
1434,fundamental
1435,fundstransfer
1436,funeral
1437,funny
1438,furious
1439,furnace
1440,furniture
1441,further
1442,fuse
1443,fusion
1444,futures
1445,gain
1446,gains
1447,gambling
1448,gaming
1449,gang
1450,gap
1451,garage
1452,garbage
1453,garden
1454,gas
1455,gasoline
1456,gateway
1457,gather
1458,gathering
1459,gauge
1460,gear
1461,gem
1462,general
1463,generic
1464,generics
1465,generation
1466,generosity
1467,generous
1468,genetic
1469,genetics
1470,genius
1471,genome
1472,genuine
1473,genericviagra
1474,genericcialis
1475,giftcardfree
1476,giveawaynow
